,count,skill,Title,Ratio to All Skills
5,79735,python,Data Scientist,0.670233512095893
10,53747,r,Data Scientist,0.45178454348301195
11,51258,sql,Data Scientist,0.43086259939814736
14,33234,java,Data Scientist,0.2793571272464402
15,33151,matlab,Data Scientist,0.2786594489181783
20,28670,c++,Data Scientist,0.24099322495502917
28,20312,c,Data Scientist,0.17073785787535933
34,15490,javascript,Data Scientist,0.13020526873224283
5,30364,sql,Data Engineer,0.2552325874619639
6,27941,python,Data Engineer,0.23486542373451239
9,24985,java,Data Engineer,0.21001798833280097
17,13651,javascript,Data Engineer,0.1147470705915976
21,12565,c++,Data Engineer,0.10561841198325572
31,10450,c,Data Engineer,0.08784022325706504
41,8774,r,Data Engineer,0.0737521644839702
45,7288,matlab,Data Engineer,0.06126120067918565
10,118966,sql,Data Analyst,1.0
25,67475,python,Data Analyst,0.5671788578249247
32,54720,r,Data Analyst,0.45996335087335877
44,40900,java,Data Analyst,0.34379570633626416
57,28321,c++,Data Analyst,0.23805961367113293
65,26649,matlab,Data Analyst,0.22400517795000252
70,25343,javascript,Data Analyst,0.21302725148361717
81,21793,c,Data Analyst,0.18318679286518838
4,13233,python,Machine Learning Engineer,0.111233461661315
9,7492,java,Machine Learning Engineer,0.06297597632937142
10,7209,c++,Machine Learning Engineer,0.06059714540288822
12,5281,sql,Machine Learning Engineer,0.0443908343560345
14,5149,c,Machine Learning Engineer,0.043281273641208415
15,4952,matlab,Machine Learning Engineer,0.041625338331960395
19,3704,javascript,Machine Learning Engineer,0.031134946119059228
24,3473,r,Machine Learning Engineer,0.02919321486811358
